id,job_id,crawl_id,timestamp,url,html,screenshot,screenshot_host,parent_page_url,parent_page_type,parent_page,platform,chumbox_id,max_bid_price,winning_bid,with_context,bb_x,bb_y,bb_height,bb_width
5,,1,2025-05-04 15:39:34.356-05,,"<div class=""ad dfp-ad-top-wrapper css-rfqw0c""><div id=""dfp-ad-top"" class=""place-ad placed-ad"" data-position=""top"" data-size-key=""top"" data-lazy-load=""true"" data-google-query-id=""CLrGiOnVio0DFYHqGAIdSrQr_A""><div id=""google_ads_iframe_/29390238/nyt/homepage_0__container__"" style=""border: 0pt none;""><iframe id=""google_ads_iframe_/29390238/nyt/homepage_0"" name=""google_ads_iframe_/29390238/nyt/homepage_0"" title=""3rd party ad content"" width=""1005"" height=""124"" scrolling=""no"" marginwidth=""0"" marginheight=""0"" frameborder=""0"" aria-label=""Advertisement"" tabindex=""0"" allow=""private-state-token-redemption;attribution-reporting"" data-load-complete=""true"" data-google-container-id=""1"" style=""border: 0px; vertical-align: bottom;""></iframe></div></div></div>",example_crawl_name/scraped_ads/ad_5/ad_5.webp,,https://www.nytimes.com/,main,1,,,,,f,,,,
6,,1,2025-05-04 15:39:39.752-05,,"<div class=""ad dfp-ad-mid1-wrapper css-rfqw0c"" id=""dfp-ad-mid1"" data-google-query-id=""CLX_ofTVio0DFR1WCQkdm4UOaQ""><div id=""google_ads_iframe_/29390238/nyt/homepage_1__container__"" style=""border: 0pt none;""><iframe id=""google_ads_iframe_/29390238/nyt/homepage_1"" name=""google_ads_iframe_/29390238/nyt/homepage_1"" title=""3rd party ad content"" width=""970"" height=""250"" scrolling=""no"" marginwidth=""0"" marginheight=""0"" frameborder=""0"" aria-label=""Advertisement"" tabindex=""0"" allow=""private-state-token-redemption;attribution-reporting"" data-load-complete=""true"" data-google-container-id=""2"" style=""border: 0px; vertical-align: bottom;""></iframe></div></div>",example_crawl_name/scraped_ads/ad_6/ad_6.webp,,https://www.nytimes.com/,main,1,,,,,f,,,,
7,,1,2025-05-04 15:39:45.2-05,,"<div class=""ad dfp-ad-mid2-wrapper css-rfqw0c"" id=""dfp-ad-mid2"" data-google-query-id=""CMClk_fVio0DFSzeGAIdkwsuMA""><div id=""google_ads_iframe_/29390238/nyt/homepage_2__container__"" style=""border: 0pt none; display: inline-block; width: 100%; height: auto;""><iframe frameborder=""0"" src=""https://e259ee8ec40c263c3f4dabda5ab54448.safeframe.googlesyndication.com/safeframe/1-0-44/html/container.html"" id=""google_ads_iframe_/29390238/nyt/homepage_2"" title=""3rd party ad content"" name="""" scrolling=""no"" marginwidth=""0"" marginheight=""0"" width=""0"" height=""246"" data-is-safeframe=""true"" sandbox=""allow-forms allow-popups allow-popups-to-escape-sandbox allow-same-origin allow-scripts allow-top-navigation-by-user-activation"" allow=""private-state-token-redemption;attribution-reporting"" aria-label=""Advertisement"" tabindex=""0"" data-google-container-id=""3"" style=""border: 0px; vertical-align: bottom; min-width: 100%;"" data-load-complete=""true""></iframe></div></div>",example_crawl_name/scraped_ads/ad_7/ad_7.webp,,https://www.nytimes.com/,main,1,,,0.59,f,f,,,,
8,,1,2025-05-04 15:39:50.762-05,,"<div class=""ad dfp-ad-mid3-wrapper css-rfqw0c"" id=""dfp-ad-mid3"" data-google-query-id=""CJPpzvnVio0DFYTqGAIdcYQmeg""><div id=""google_ads_iframe_/29390238/nyt/homepage_3__container__"" style=""border: 0pt none; display: inline-block; width: 1366px; height: 250px;""><iframe frameborder=""0"" src=""https://e259ee8ec40c263c3f4dabda5ab54448.safeframe.googlesyndication.com/safeframe/1-0-44/html/container.html"" id=""google_ads_iframe_/29390238/nyt/homepage_3"" title=""3rd party ad content"" name="""" scrolling=""no"" marginwidth=""0"" marginheight=""0"" width=""1366"" height=""250"" data-is-safeframe=""true"" sandbox=""allow-forms allow-popups allow-popups-to-escape-sandbox allow-same-origin allow-scripts allow-top-navigation-by-user-activation"" allow=""private-state-token-redemption;attribution-reporting"" aria-label=""Advertisement"" tabindex=""0"" data-google-container-id=""4"" style=""border: 0px; vertical-align: bottom;"" data-load-complete=""true""></iframe></div></div>",example_crawl_name/scraped_ads/ad_8/ad_8.webp,,https://www.nytimes.com/,main,1,,,,,f,,,,
9,,1,2025-05-04 15:39:56.218-05,,"<div class=""ad dfp-ad-bottom-wrapper css-rfqw0c"" id=""dfp-ad-bottom"" data-google-query-id=""COPRypTWio0DFVpWCQkdM9cCig""><div id=""google_ads_iframe_/29390238/nyt/homepage_4__container__"" style=""border: 0pt none; display: inline-block; width: 970px; height: 250px;""><iframe frameborder=""0"" src=""https://e259ee8ec40c263c3f4dabda5ab54448.safeframe.googlesyndication.com/safeframe/1-0-44/html/container.html"" id=""google_ads_iframe_/29390238/nyt/homepage_4"" title=""3rd party ad content"" name="""" scrolling=""no"" marginwidth=""0"" marginheight=""0"" width=""970"" height=""250"" data-is-safeframe=""true"" sandbox=""allow-forms allow-popups allow-popups-to-escape-sandbox allow-same-origin allow-scripts allow-top-navigation-by-user-activation"" allow=""private-state-token-redemption;attribution-reporting"" aria-label=""Advertisement"" tabindex=""0"" data-google-container-id=""5"" style=""border: 0px; vertical-align: bottom;"" data-load-complete=""true""></iframe></div></div>",example_crawl_name/scraped_ads/ad_9/ad_9.webp,,https://www.nytimes.com/,main,1,,,,,f,,,,
10,,1,2025-05-04 15:41:06.513-05,,"<div data-uri=""cms.cnn.com/_components/ad-slot/instances/clg34olox006c47nodizieumr@published"" class=""ad-slot adSlotLoaded"" data-path=""main/section[0]/items/scope[0]/items/zone[1]/items/stack[2]/ads"" data-desktop-slot-id=""ad_rect_atf_01"" data-unselectable=""true"" data-ad-slot-rendered-size=""300x250""><div id=""ad_rect_atf_01"" class=""ad adfuel-rendered"" style="""" data-google-query-id=""COv9i7fWio0DFeaEpgQdPw08aw""><div id=""google_ads_iframe_/8663477/CNN/homepage/landing_9__container__"" style=""border: 0pt none; display: inline-block; width: 300px; height: 250px;""><iframe frameborder=""0"" src=""https://1e5f057d7e363ff09724ec56265dd1ea.safeframe.googlesyndication.com/safeframe/1-0-43/html/container.html"" id=""google_ads_iframe_/8663477/CNN/homepage/landing_9"" title=""3rd party ad content"" name="""" scrolling=""no"" marginwidth=""0"" marginheight=""0"" width=""300"" height=""250"" data-is-safeframe=""true"" sandbox=""allow-forms allow-popups allow-popups-to-escape-sandbox allow-same-origin allow-scripts allow-top-navigation-by-user-activation"" allow=""private-state-token-redemption;attribution-reporting"" aria-label=""Advertisement"" tabindex=""0"" style=""border: 0px; vertical-align: bottom;"" data-google-container-id=""k"" data-load-complete=""true""></iframe></div></div>
        <div class=""ad-slot__feedback ad-feedback-link-container"" style=""width: 300px;"">
            <div class=""ad-slot__ad-label"" data-ad-label-text=""Advertisement""></div>
             
  <div data-ad-type=""DISPLAY"" data-ad-identifier=""ad_rect_atf_01"" class=""ad-feedback-link"">
    <div class=""ad-feedback-link__label"">Ad Feedback</div>
  </div> 
        </div>
    </div>",example_crawl_name/scraped_ads/ad_10/ad_10.webp,,https://www.cnn.com/,main,2,,,,,f,,,,
11,,1,2025-05-04 15:41:11.882-05,,"<div data-uri=""cms.cnn.com/_components/ad-slot/instances/clfvfq97k002p3b6d8mtogwos@published"" class=""ad-slot adSlotLoaded"" data-path=""main/section[0]/items/scope[0]/items/zone[1]/items/stack[2]/items/container[0]/ads"" data-desktop-slot-id=""ad_nfs_btf_02"" data-unselectable=""true"" data-ad-slot-rendered-size=""300x100""><div id=""ad_nfs_btf_02"" class=""ad adfuel-rendered"" data-google-query-id=""CIaHjbbWio0DFQ3z9QIdPD4WjA"" style=""""><div id=""google_ads_iframe_/8663477/CNN/homepage/landing_10__container__"" style=""border: 0pt none; display: inline-block; width: 300px; height: 100px;""><iframe frameborder=""0"" src=""https://1e5f057d7e363ff09724ec56265dd1ea.safeframe.googlesyndication.com/safeframe/1-0-43/html/container.html"" id=""google_ads_iframe_/8663477/CNN/homepage/landing_10"" title=""3rd party ad content"" name="""" scrolling=""no"" marginwidth=""0"" marginheight=""0"" width=""300"" height=""100"" data-is-safeframe=""true"" sandbox=""allow-forms allow-popups allow-popups-to-escape-sandbox allow-same-origin allow-scripts allow-top-navigation-by-user-activation"" allow=""private-state-token-redemption;attribution-reporting"" aria-label=""Advertisement"" tabindex=""0"" style=""border: 0px; vertical-align: bottom;"" data-google-container-id=""l"" data-load-complete=""true""></iframe></div></div>
        <div class=""ad-slot__feedback ad-feedback-link-container"" style=""width: 300px;"">
            <div class=""ad-slot__ad-label"" data-ad-label-text=""Advertisement""></div>
             
  <div data-ad-type=""DISPLAY"" data-ad-identifier=""ad_nfs_btf_02"" class=""ad-feedback-link"">
    <div class=""ad-feedback-link__label"">Ad Feedback</div>
  </div> 
        </div>
    </div>",example_crawl_name/scraped_ads/ad_11/ad_11.webp,,https://www.cnn.com/,main,2,,,,,f,,,,
14,,1,2025-05-04 15:41:27.617-05,,"<div data-uri=""cms.cnn.com/_components/ad-slot/instances/clg34olox006447nohfvw49bj@published"" class=""ad-slot adSlotLoaded"" data-path=""main/section[0]/items/scope[0]/items/zone[2]/ads"" data-desktop-slot-id=""ad_bnr_btf_01"" data-unselectable=""true"" data-ad-slot-rendered-size=""970x250""><div id=""ad_bnr_btf_01"" class=""ad adfuel-rendered"" data-google-query-id=""CLHa3L3Wio0DFfTfGAIdalYW9w"" style=""""><div id=""google_ads_iframe_/8663477/CNN/homepage/landing_13__container__"" style=""border: 0pt none;""><iframe id=""google_ads_iframe_/8663477/CNN/homepage/landing_13"" name=""google_ads_iframe_/8663477/CNN/homepage/landing_13"" title=""3rd party ad content"" width=""970"" height=""250"" scrolling=""no"" marginwidth=""0"" marginheight=""0"" frameborder=""0"" aria-label=""Advertisement"" tabindex=""0"" allow=""private-state-token-redemption;attribution-reporting"" sandbox=""allow-forms allow-popups allow-popups-to-escape-sandbox allow-pointer-lock allow-same-origin allow-scripts allow-top-navigation-by-user-activation"" data-load-complete=""true"" style=""border: 0px; vertical-align: bottom;"" data-google-container-id=""o""></iframe></div></div>
        <div class=""ad-slot__feedback ad-feedback-link-container"" style=""width: 970px;"">
            <div class=""ad-slot__ad-label"" data-ad-label-text=""Advertisement""></div>
             
  <div data-ad-type=""DISPLAY"" data-ad-identifier=""ad_bnr_btf_01"" class=""ad-feedback-link"">
    <div class=""ad-feedback-link__label"">Ad Feedback</div>
  </div> 
        </div>
    </div>",example_crawl_name/scraped_ads/ad_14/ad_14.webp,,https://www.cnn.com/,main,2,,,,,f,,,,
15,,1,2025-05-04 15:41:33.101-05,,"<div data-uri=""cms.cnn.com/_components/ad-slot/instances/clg34olov004q47nof22jbnaf@published"" class=""ad-slot adSlotLoaded"" data-path=""main/section[0]/items/scope[0]/items/zone[4]/items/stack[2]/ads"" data-desktop-slot-id=""ad_rect_btf_02"" data-unselectable=""true"" data-ad-slot-rendered-size=""300x250""><div id=""ad_rect_btf_02"" class=""ad adfuel-rendered"" data-google-query-id=""CIf35sLWio0DFaeFpgQdBr4tfQ"" style=""""><div id=""google_ads_iframe_/8663477/CNN/homepage/landing_14__container__"" style=""border: 0pt none;""><iframe id=""google_ads_iframe_/8663477/CNN/homepage/landing_14"" name=""google_ads_iframe_/8663477/CNN/homepage/landing_14"" title=""3rd party ad content"" width=""300"" height=""250"" scrolling=""no"" marginwidth=""0"" marginheight=""0"" frameborder=""0"" aria-label=""Advertisement"" tabindex=""0"" allow=""private-state-token-redemption;attribution-reporting"" sandbox=""allow-forms allow-popups allow-popups-to-escape-sandbox allow-pointer-lock allow-same-origin allow-scripts allow-top-navigation-by-user-activation"" data-load-complete=""true"" style=""border: 0px; vertical-align: bottom;"" data-google-container-id=""p"" data-integralas-id-33a41260-5803-84ea-f393-a9477ba75c21=""""></iframe></div></div>
        <div class=""ad-slot__feedback ad-feedback-link-container"" style=""width: 300px;"">
            <div class=""ad-slot__ad-label"" data-ad-label-text=""Advertisement""></div>
             
  <div data-ad-type=""DISPLAY"" data-ad-identifier=""ad_rect_btf_02"" class=""ad-feedback-link"">
    <div class=""ad-feedback-link__label"">Ad Feedback</div>
  </div> 
        </div>
    </div>",example_crawl_name/scraped_ads/ad_15/ad_15.webp,,https://www.cnn.com/,main,2,,,,,f,,,,
16,,1,2025-05-04 15:41:38.55-05,,"<div data-uri=""cms.cnn.com/_components/ad-slot/instances/clg34olot002e47no0ze448xr@published"" class=""ad-slot adSlotLoaded"" data-path=""main/section[0]/items/scope[0]/items/zone[8]/items/stack[2]/ads"" data-desktop-slot-id=""ad_rect_btf_03"" data-unselectable=""true"" data-ad-slot-rendered-size=""300x600""><div id=""ad_rect_btf_03"" class=""ad adfuel-rendered"" data-google-query-id=""CLGtsMXWio0DFe309QIdPj8PGw"" style=""""><div id=""google_ads_iframe_/8663477/CNN/homepage/landing_15__container__"" style=""border: 0pt none;""><iframe id=""google_ads_iframe_/8663477/CNN/homepage/landing_15"" name=""google_ads_iframe_/8663477/CNN/homepage/landing_15"" title=""3rd party ad content"" width=""300"" height=""600"" scrolling=""no"" marginwidth=""0"" marginheight=""0"" frameborder=""0"" aria-label=""Advertisement"" tabindex=""0"" allow=""private-state-token-redemption;attribution-reporting"" sandbox=""allow-forms allow-popups allow-popups-to-escape-sandbox allow-pointer-lock allow-same-origin allow-scripts allow-top-navigation-by-user-activation"" data-load-complete=""true"" style=""border: 0px; vertical-align: bottom;"" data-google-container-id=""q"" data-integralas-id-917c37bd-2d0f-c3ae-67f0-77cae6701941=""""></iframe></div></div>
        <div class=""ad-slot__feedback ad-feedback-link-container"" style=""width: 300px;"">
            <div class=""ad-slot__ad-label"" data-ad-label-text=""Advertisement""></div>
             
  <div data-ad-type=""DISPLAY"" data-ad-identifier=""ad_rect_btf_03"" class=""ad-feedback-link"">
    <div class=""ad-feedback-link__label"">Ad Feedback</div>
  </div> 
        </div>
    </div>",example_crawl_name/scraped_ads/ad_16/ad_16.webp,,https://www.cnn.com/,main,2,,,,,f,,,,
17,,1,2025-05-04 15:41:44.102-05,,"<div class=""ad-slot-header"">
            <div class=""ad-slot-header__container adSlotHeaderContainer"">
                    <div data-uri=""cms.cnn.com/_components/ad-slot/instances/cnn-v1@published"" class=""ad-slot adSlotLoaded"" data-path=""header/ad-slot-header[0]/items"" data-desktop-slot-id=""ad_bnr_atf_01"" data-mobile-slot-id=""ad_bnr_atf_01"" data-unselectable=""true"" data-ad-slot-rendered-size=""1366x250""><div id=""ad_bnr_atf_01"" class=""ad adfuel-rendered"" style="""" data-google-query-id=""CMisk7LWio0DFaGBpgQdoWIQHw""><div id=""google_ads_iframe_/8663477/CNN/homepage/landing_8__container__"" style=""border: 0pt none; display: inline-block; width: 1366px; height: 250px;""><iframe frameborder=""0"" src=""https://1e5f057d7e363ff09724ec56265dd1ea.safeframe.googlesyndication.com/safeframe/1-0-43/html/container.html"" id=""google_ads_iframe_/8663477/CNN/homepage/landing_8"" title=""3rd party ad content"" name="""" scrolling=""no"" marginwidth=""0"" marginheight=""0"" width=""1366"" height=""250"" data-is-safeframe=""true"" sandbox=""allow-forms allow-popups allow-popups-to-escape-sandbox allow-same-origin allow-scripts allow-top-navigation-by-user-activation"" allow=""private-state-token-redemption;attribution-reporting"" aria-label=""Advertisement"" tabindex=""0"" style=""border: 0px; vertical-align: bottom;"" data-google-container-id=""j"" data-load-complete=""true""></iframe></div></div>
        <div class=""ad-slot__feedback ad-feedback-link-container"" style=""width: 1366px;"">
            <div class=""ad-slot__ad-label"" data-ad-label-text=""Advertisement""></div>
             
  <div data-ad-type=""DISPLAY"" data-ad-identifier=""ad_bnr_atf_01"" class=""ad-feedback-link"">
    <div class=""ad-feedback-link__label"">Ad Feedback</div>
  </div>
            
        </div>
    <iframe class=""resizeListenerIframe"" src=""about:blank"" tabindex=""-1"" frameborder=""0"" aria-hidden=""true""></iframe></div>

            </div>
        </div>",example_crawl_name/scraped_ads/ad_17/ad_17.webp,,https://www.cnn.com/,main,2,,,,,f,,,,
18,,1,2025-05-04 15:41:49.369-05,,"<div class=""ob-widget-header"">
    <span class=""ob-grid-header-text"">PAID PARTNER CONTENT</span>
</div>",example_crawl_name/scraped_ads/ad_18/ad_18.webp,,https://www.cnn.com/,main,2,,,,,f,,,,
19,,1,2025-05-04 15:41:54.686-05,,"<div class=""ob-widget-header"">
        <span class=""ob-widget-text"">Paid Content Recommendations</span>
    <div class=""ob_what ob_what_resp"">
		<a href=""https://www.outbrain.com/what-is/default/en"" rel=""nofollow"" aria-label=""What is Outbrain?"" onclick=""OBR.extern.callWhatIs('https://www.outbrain.com/what-is/default/en',-1,-1, false ,null,2);return false""></a>
	</div>
</div>",example_crawl_name/scraped_ads/ad_19/ad_19.webp,,https://www.cnn.com/,main,2,,,,,f,,,,
26,,2,2025-05-04 15:49:36.078-05,https://adclick.g.doubleclick.net/pcs/click%253Fxai%253DAKAOjstE8DHaoHZYH6Cv4oDGlwpZA_vZO6XbFwoDaDJtVnMauEz5U8IyOd2PORNv7hIKw7SjlPtUon7a6z00MAYTsK_3t_Ft_jRyE1dtk87VSWSKJrylfhxW3a8BQHCWZ1aGQX0M6s8600Hlb4wx1qcPpxbbNypYLJo2YWgWElaByf8Nj-1XvTfoxPSS_fDFlGxsH-9yak1ovhSJPtccUAlgfw_8QShweh24fhRJxmRFQ2cltUZg-HV_q0yEO2gHU-jsLAScBtIZMjL0y2Jjxqad3YeZQbZb5wgRgtyq7fJbhjPcxfhQeb7dmAAp9asO7F_AyX2g4J4WmF70NHypYiKWhehHuHuRD3_a4H56Ecg49fzNQw1cDNycLqvGIRUbTFejxJdJseGCVeELWmm838EpXk6PYw%2526sai%253DAMfl-YTBgc1eivZz5frDQd1mbzJFPSPoMU2MFqt3rb7-qBmOSKsAEEDEew0EUii8-Ne6C-GPPJz8RZHhluj_cjdLOU2yWIr49oGGFyPeiRKUo38uX65ZvbTWIHQCarxvQ8-TjhqnJ1Tafo13laRhZOFeZvKElx_qf2dHeK_nWeSAzu4bPZTlfYI7xeKv0glPJMKCM_h_5FYx_28LvKTuYBafOUWLba2Dc7SW4_pCy7PZbas%2526sig%253DCg0ArKJSzAwZ4Br6q-0aEAE%2526fbs_aeid%253D%25255Bgw_fbsaeid%25255D%2526urlfix%253D1%2526adurl%253Dhttps://ad.doubleclick.net/ddm/trackclk/N1336239.120106CONDENASTDIGITAL-/B33301723.418479090;dc_trk_aid=610590889;dc_trk_cid=232633627;dc_lat=;dc_rdid=;tag_for_child_directed_treatment=;tfua=;gdpr=;gdpr_consent=;ltd=;dc_tdv=1,"<div class=""AdWrapper-dQtivb fZrssQ ad ad--rail""><div class=""ad__slot ad__slot--rail"" data-node-id=""jmsg8""><div id=""cns-ads-slot-type-rail-0"" class=""cns-ads-stage cns-ads-slot-type-rail cns-ads-slot-type-rail-0 cns-ads-slot-state-filled cns-ads-slot-size-300x600"" data-name=""rail_0"" data-slot-type=""rail""><div class=""cns-ads-flex-sizer""></div><div id=""rail_0"" class=""cns-ads-container"" data-node-id=""jmsg8"" style=""margin: 0px auto; box-sizing: content-box;"" data-google-query-id=""CI-_pqnYio0DFXG9pgQdRwo8_w""><div id=""google_ads_iframe_3379/conde.newyorker/rail/homepage/bundle/1_0__container__"" style=""border: 0pt none; margin: auto; text-align: center;""><iframe id=""google_ads_iframe_3379/conde.newyorker/rail/homepage/bundle/1_0"" name=""google_ads_iframe_3379/conde.newyorker/rail/homepage/bundle/1_0"" title=""3rd party ad content"" width=""300"" height=""600"" scrolling=""no"" marginwidth=""0"" marginheight=""0"" frameborder=""0"" aria-label=""Advertisement"" tabindex=""0"" allow=""private-state-token-redemption;attribution-reporting"" data-load-complete=""true"" data-google-container-id=""8"" style=""border: 0px; vertical-align: bottom;"" data-integralas-id-680df58c-3120-6b36-d566-4e11446ed80a=""""></iframe></div></div></div></div></div>",example_crawl_name/scraped_ads/ad_26/ad_26.webp,,https://www.newyorker.com/,main,4,,,,,f,,,,
46,,2,2025-05-04 15:57:24.943-05,https://click-va.acuityplatform.com/Adserver/landing?etoken=MHZGKHvW2n7gN8HgAMOTUyOTc4MTczNTk0Bw49-KU0DidtwAIOMhmAAw4-HzZ4DjqgEgEOPfi1Cg49-KRZDj34pg0AKDAzYWM5OWY2NTU2OWNiNGEyZWFiZmJmOWMwNzFjZGE2YTM3NzhiN2MJDj34iAQAAAAJjnigaAUAAAAAGo4vsEQAATAMAAUzNDAwMQsAAAAANi_1CQgAKDZlMmMxODU0N2VkYzUxNjhjYmNmNDY5ODI3YWU0OTcyNmIyY2FmYzJ7AAJuZRwACDI1NmVmMzA2GwALZjllOTUxZDk2OTEaDj34pkMOPfinTwADQVNVUAACTElRAAZBTkFCUlVTAAUxMDgxNlIAAAAANir31isAATAsAAAnDj34oSgOPfikKQ49-KZJAAEwKg49-MUtDj34pi4OPfimPQAoNmUyYzE4NTQ3ZWRjNTE2OGNiY2Y0Njk4MjdhZTQ5NzI2YjJjYWZjMmQOPfigZQ49-KdiDj3w1mMOPaUCPwAEOTgyNDcAADgAADUAC2Y5ZTk1MWQ5NjkxDw49-KYVVr8hPhbWLzf8GA49-KYZDj34phIOPfinEwABMBAOPfinTAAKOTQwLXJkYi1hdk0AJjUzOTEzNjYzMDc0NzFfMTQ5MTYxMjkzNjQ3MV85NDAtcmRiLWF2VA4-HzZLAAo4MzAtZGliLWF2Ww49-KJVDj34p10OPZQ6Xg49eQpfDjyxyGAOOCwgYQ45ETh5Dj9MKn8OPfinZgAWMzQwMDE6NzA4NTVhOTI1ZDY2ZGZiMGoABjAyNzAzM2cAAAAANiqPHmgAAAAANir-6WkAAAAANir-6WwLIt81Qm4O6HpUmTf8a0BX2LwZ0ipwdQAAAZarqYV2bgALNTEsMjEsNjIsMzJyAAAAADYq_ul3AA==&jk=,"<aside class=""ad-unit ad-unit--square ad-unit--sticky ad-unit--is-rendered"">
		<div class=""ad-unit__content"">
			     <div id=""acm-ad-tag-mr_combo2-mr_combo2"" data-slot=""{&quot;is_oop&quot;:false,&quot;is_companion&quot;:true,&quot;sizes&quot;:[[[1280,0],[[300,600],[300,250]]],[[1024,0],[[300,600],[300,250]]],[[768,0],[[300,250]]],[[641,0],[[300,250]]],[[0,0],[[300,250]]]],&quot;size&quot;:[300,250]}"" data-unit=""/5678/nx.wcia/home"" data-fbonly=""false"" data-refids="""" data-not-refids="""" data-targeting=""{&quot;kw&quot;:&quot;\/&quot;,&quot;pos&quot;:&quot;mr_combo2&quot;,&quot;fold&quot;:&quot;btf&quot;,&quot;category&quot;:&quot;&quot;}"" data-google-query-id=""CLv05-PZio0DFQ3z9QId0AAUkQ"" width=""300"" height=""600"" class=""htl-size-300x600""><div id=""google_ads_iframe_/5678/nx.wcia/home_5__container__"" style=""border: 0pt none; margin: auto; text-align: center; width: 300px; height: 600px;""><iframe frameborder=""0"" src=""https://a03fa53fd7d9b2f37b127d9d73cc0889.safeframe.googlesyndication.com/safeframe/1-0-43/html/container.html"" id=""google_ads_iframe_/5678/nx.wcia/home_5"" title=""3rd party ad content"" name="""" scrolling=""no"" marginwidth=""0"" marginheight=""0"" width=""300"" height=""600"" data-is-safeframe=""true"" sandbox=""allow-forms allow-popups allow-popups-to-escape-sandbox allow-same-origin allow-scripts allow-top-navigation-by-user-activation"" allow=""private-state-token-redemption;attribution-reporting"" aria-label=""Advertisement"" tabindex=""0"" data-google-container-id=""6"" style=""border: 0px; vertical-align: bottom; width: 300px; height: 600px;"" data-load-complete=""true""></iframe></div></div>     <script>     try {         var event = new CustomEvent(""nsDfpSlotRendered"", {             detail: { id: ""acm-ad-tag-mr_combo2-mr_combo2"" }         });         console.log(""HTL.nsDfpSlotRendered"", event);         window.dispatchEvent(event);     } catch (err) {}     </script>     		</div>
	</aside>",example_crawl_name/scraped_ads/ad_46/ad_46.webp,,https://www.wcia.com/,main,9,,,,,f,,,,
29,,2,2025-05-04 15:54:09.126-05,https://www.dicegameeos.com/extension.html?gad_source=5&gclid=EAIaIQobChMIpLGoodmKjQMVsx5oCB1rCjluEAEYASAAEgJdEfD_BwE,"<div class=""block advertisement-160x600-left ad-fixed""><div class=""ad-wrapper""><div id=""left-ad"" class=""ad-holder""><div id=""sky-atf""><div data-pw-desk=""sky_atf"" data-selector-id=""sky-atf"" id=""pw-160x600_atf"" class=""pw-tag pw-size-160x600"" style=""max-height: 600px; max-width: 160px;"" data-google-query-id=""CM3h1qHZio0DFd-0pgQdEHgSpw""><div id=""google_ads_iframe_/45966600/pw/skyscraper_homepage_0__container__"" style=""border: 0pt none;""><iframe id=""google_ads_iframe_/45966600/pw/skyscraper_homepage_0"" name=""google_ads_iframe_/45966600/pw/skyscraper_homepage_0"" title=""3rd party ad content"" width=""160"" height=""600"" scrolling=""no"" marginwidth=""0"" marginheight=""0"" frameborder=""0"" aria-label=""ad"" tabindex=""0"" allow=""private-state-token-redemption;attribution-reporting"" data-load-complete=""true"" data-google-container-id=""2"" style=""border: 0px; vertical-align: bottom;""></iframe></div><div class=""pw_report_ad_container"" style=""line-height: normal; display: block; justify-content: center; height: 20px; text-align: center;""><span style=""color: #bbb;
                    font-size:10px !important;
                    font-family:&quot;Open Sans&quot;,arial,sans-serif !important;
                    font-weight: normal !important;
                    font-style: normal !important;
                    text-decoration: none !important;
                ;user-select:none;"">Advertisement&nbsp;|&nbsp;</span><a id=""report_ad_pw-160x600_atf"" href=""#"" class=""playwire_report_ad_link"" style=""color: #4db2ec !important; 
                    font-size:10px !important;
                    font-family:&quot;Open Sans&quot;,arial,sans-serif !important;
                    font-weight: normal !important;
                    font-style: normal !important;
                    text-decoration: none !important;
                "" role=""button"">Report Ad</a></div></div></div></div></div></div>",example_crawl_name/scraped_ads/ad_29/ad_29.webp,,https://www.coolmathgames.com/,main,7,,,,,f,,,,
30,,2,2025-05-04 15:54:14.751-05,https://gamehooo.com/?gad_source=5&gclid=EAIaIQobChMI2bKrodmKjQMVFhtoCB2n5jpLEAEYASAAEgJz7PD_BwE,"<div class=""ad-wrapper""><!-- 970 x 90 ATF Desktop --><div id=""leaderboard-atf""><div data-pw-desk=""leaderboard_atf"" data-selector-id=""leaderboard-atf"" id=""leaderboard_atf"" class=""pw-tag pw-size-728x90"" style=""max-height: 110px;"" data-google-query-id=""CMzh1qHZio0DFd-0pgQdEHgSpw""><div id=""google_ads_iframe_/45966600/pw/leaderboard_homepage_0__container__"" style=""border: 0pt none;""><iframe id=""google_ads_iframe_/45966600/pw/leaderboard_homepage_0"" name=""google_ads_iframe_/45966600/pw/leaderboard_homepage_0"" title=""3rd party ad content"" width=""728"" height=""90"" scrolling=""no"" marginwidth=""0"" marginheight=""0"" frameborder=""0"" aria-label=""ad"" tabindex=""0"" allow=""private-state-token-redemption;attribution-reporting"" data-load-complete=""true"" data-google-container-id=""1"" style=""border: 0px; vertical-align: bottom;""></iframe></div><div class=""pw_report_ad_container"" style=""line-height: normal; display: block; justify-content: center; height: 20px; text-align: center;""><span style=""color: #bbb;
                    font-size:10px !important;
                    font-family:&quot;Open Sans&quot;,arial,sans-serif !important;
                    font-weight: normal !important;
                    font-style: normal !important;
                    text-decoration: none !important;
                ;user-select:none;"">Advertisement&nbsp;|&nbsp;</span><a id=""report_ad_leaderboard_atf"" href=""#"" class=""playwire_report_ad_link"" style=""color: #4db2ec !important; 
                    font-size:10px !important;
                    font-family:&quot;Open Sans&quot;,arial,sans-serif !important;
                    font-weight: normal !important;
                    font-style: normal !important;
                    text-decoration: none !important;
                "" role=""button"">Report Ad</a></div></div></div></div>",example_crawl_name/scraped_ads/ad_30/ad_30.webp,,https://www.coolmathgames.com/,main,7,,,,,f,,,,
53,,2,2025-05-04 15:58:00.681-05,https://googleads.g.doubleclick.net/pcs/click?xai=AKAOjsteMlxmCs-5htSJ__hQLo1oCIKWLybrFooHMJu3XP2jjX3oLVh_-P07g7_3A_9EqfROgyvX82m5zctHdPoiMYE_gBY0tR-z51iaoAyDxf43GOCcqkMln_QaeafbY97ByS0EfaLrXt0-0Q4nuZkbdkkYW3VOvL7M0uavevgY2DTRzpduWFW2MjWtU99vB-dlgPozttMvgfSMTeKPExGJY8V1AEE4ipXG_2bdwsALabLQnekCXijF2cW8gCwVI9AMgECWLOMVuEAGRZCx1apq46OfMzfeiyMYY99QOU2F-e1JGBXUDhphoVyMjT58ZpVdtQ5s58LSwTENXrwoPrf-yIXLpzuPPGUdXvzEqTBt6UJ3CRdX5l8XrIqagmunr01kpFNuL8Zms6tdwL6xvRFgrNn0&sai=AMfl-YRHhG6GvIRZghutDggUskDzYCgTIYpTEA3FpAwJP571G3vBm0P-7Y8J4XP_VxJFykVkujg2mkepO0e8x44eoIasyBjbGWv-3b0JceyyO1rHZ366mAV1zdRzJ2PAnsyvF0hQ31AGgg6e8rqK5YV2SViWSfIWo2Pi9OL1TIGz0IT7ew&sig=Cg0ArKJSzFbcTQH0-Qrj&fbs_aeid=%5Bgw_fbsaeid%5D&adurl=https://www.operationhonorguard.us/&nm=2&nx=150&ny=-31&mb=1&clkt=20,"<iframe id=""google_ads_iframe_/5678/nx.wcia/countdown_clock/operation_honor_guard_0"" name=""google_ads_iframe_/5678/nx.wcia/countdown_clock/operation_honor_guard_0"" title=""3rd party ad content"" width=""300"" height=""90"" scrolling=""no"" marginwidth=""0"" marginheight=""0"" frameborder=""0"" aria-label=""Advertisement"" tabindex=""0"" allow=""private-state-token-redemption;attribution-reporting"" data-load-complete=""true"" data-google-container-id=""1"" style=""border: 0px; vertical-align: bottom;""></iframe>",example_crawl_name/scraped_ads/ad_53/ad_53.webp,,https://www.wcia.com/,main,9,,,,,f,,,,
31,,2,2025-05-04 15:54:20.265-05,,"<div class=""ad-wrapper""><!-- 300 x 250 ATFR Desktop --><div id=""med-rect-atf""><div data-pw-desk=""med_rect_atf"" data-selector-id=""med-rect-atf"" id=""med_rect_atf"" class=""pw-tag pw-size-300x250"" style=""max-height: 270px; max-width: 300px;"" data-google-query-id=""CKu21qHZio0DFVWCpgQdFWknrg""><div id=""google_ads_iframe_/45966600/pw/medium_rectangle_homepage_0__container__"" style=""border: 0pt none;""><iframe id=""google_ads_iframe_/45966600/pw/medium_rectangle_homepage_0"" name=""google_ads_iframe_/45966600/pw/medium_rectangle_homepage_0"" title=""3rd party ad content"" width=""300"" height=""250"" scrolling=""no"" marginwidth=""0"" marginheight=""0"" frameborder=""0"" aria-label=""ad"" tabindex=""0"" allow=""private-state-token-redemption;attribution-reporting"" data-load-complete=""true"" data-google-container-id=""3"" style=""border: 0px; vertical-align: bottom;""></iframe></div><div class=""pw_report_ad_container"" style=""line-height: normal; display: block; justify-content: center; height: 20px; text-align: center;""><span style=""color: #bbb;
                    font-size:10px !important;
                    font-family:&quot;Open Sans&quot;,arial,sans-serif !important;
                    font-weight: normal !important;
                    font-style: normal !important;
                    text-decoration: none !important;
                ;user-select:none;"">Advertisement&nbsp;|&nbsp;</span><a id=""report_ad_med_rect_atf"" href=""#"" class=""playwire_report_ad_link"" style=""color: #4db2ec !important; 
                    font-size:10px !important;
                    font-family:&quot;Open Sans&quot;,arial,sans-serif !important;
                    font-weight: normal !important;
                    font-style: normal !important;
                    text-decoration: none !important;
                "" role=""button"">Report Ad</a></div></div></div></div>",example_crawl_name/scraped_ads/ad_31/ad_31.webp,,https://www.coolmathgames.com/,main,7,,,,,f,,,,
32,,2,2025-05-04 15:54:35.71-05,,"<div class=""ad-wrapper""><!-- 300 x 250 BTF Desktop --><div id=""med-rect-btf1""><div data-pw-desk=""med_rect_btf"" data-selector-id=""med-rect-btf1"" id=""med_rect_btf"" class=""pw-tag pw-size-300x250"" style=""max-height: 270px; max-width: 300px;"" data-google-query-id=""CJvSmaTZio0DFeqjpgQdgyMjOg""><div id=""google_ads_iframe_/45966600/pw/medium_rectangle_homepage_1__container__"" style=""border: 0pt none;""><iframe id=""google_ads_iframe_/45966600/pw/medium_rectangle_homepage_1"" name=""google_ads_iframe_/45966600/pw/medium_rectangle_homepage_1"" title=""3rd party ad content"" width=""300"" height=""250"" scrolling=""no"" marginwidth=""0"" marginheight=""0"" frameborder=""0"" aria-label=""ad"" tabindex=""0"" allow=""private-state-token-redemption;attribution-reporting"" data-load-complete=""true"" style=""border: 0px; vertical-align: bottom;"" data-google-container-id=""4""></iframe></div><div class=""pw_report_ad_container"" style=""line-height: normal; display: block; justify-content: center; height: 20px; text-align: center;""><span style=""color: #bbb;
                    font-size:10px !important;
                    font-family:&quot;Open Sans&quot;,arial,sans-serif !important;
                    font-weight: normal !important;
                    font-style: normal !important;
                    text-decoration: none !important;
                ;user-select:none;"">Advertisement&nbsp;|&nbsp;</span><a id=""report_ad_med_rect_btf"" href=""#"" class=""playwire_report_ad_link"" style=""color: #4db2ec !important; 
                    font-size:10px !important;
                    font-family:&quot;Open Sans&quot;,arial,sans-serif !important;
                    font-weight: normal !important;
                    font-style: normal !important;
                    text-decoration: none !important;
                "" role=""button"">Report Ad</a></div></div></div></div>",example_crawl_name/scraped_ads/ad_32/ad_32.webp,,https://www.coolmathgames.com/,main,7,,,,,f,,,,
33,,2,2025-05-04 15:54:51.151-05,,"<div class=""ad-wrapper""><!-- 300 x 250 BTF Desktop --><div id=""med-rect-btf2""><div data-pw-desk=""med_rect_btf"" data-selector-id=""med-rect-btf2"" id=""med_rect_btf2"" class=""pw-tag pw-size-300x250"" style=""max-height: 270px; max-width: 300px;"" data-google-query-id=""CJ6ak6bZio0DFa-FpgQdzyQcLQ""><div id=""google_ads_iframe_/45966600/pw/medium_rectangle_homepage_2__container__"" style=""border: 0pt none;""><iframe id=""google_ads_iframe_/45966600/pw/medium_rectangle_homepage_2"" name=""google_ads_iframe_/45966600/pw/medium_rectangle_homepage_2"" title=""3rd party ad content"" width=""300"" height=""250"" scrolling=""no"" marginwidth=""0"" marginheight=""0"" frameborder=""0"" aria-label=""ad"" tabindex=""0"" allow=""private-state-token-redemption;attribution-reporting"" data-load-complete=""true"" style=""border: 0px; vertical-align: bottom;"" data-google-container-id=""5""></iframe></div><div class=""pw_report_ad_container"" style=""line-height: normal; display: block; justify-content: center; height: 20px; text-align: center;""><span style=""color: #bbb;
                    font-size:10px !important;
                    font-family:&quot;Open Sans&quot;,arial,sans-serif !important;
                    font-weight: normal !important;
                    font-style: normal !important;
                    text-decoration: none !important;
                ;user-select:none;"">Advertisement&nbsp;|&nbsp;</span><a id=""report_ad_med_rect_btf2"" href=""#"" class=""playwire_report_ad_link"" style=""color: #4db2ec !important; 
                    font-size:10px !important;
                    font-family:&quot;Open Sans&quot;,arial,sans-serif !important;
                    font-weight: normal !important;
                    font-style: normal !important;
                    text-decoration: none !important;
                "" role=""button"">Report Ad</a></div></div></div></div>",example_crawl_name/scraped_ads/ad_33/ad_33.webp,,https://www.coolmathgames.com/,main,7,,,,,f,,,,
34,,2,2025-05-04 15:55:06.578-05,,"<div class=""ad-wrapper""><!-- 300 x 250 BTF Desktop --><div id=""med-rect-btf3""><div data-pw-desk=""med_rect_btf"" data-selector-id=""med-rect-btf3"" id=""med_rect_btf3"" class=""pw-tag pw-size-300x250"" style=""max-height: 270px; max-width: 300px;"" data-google-query-id=""COuF0abZio0DFST49QId4u4pSA""><div id=""google_ads_iframe_/45966600/pw/medium_rectangle_homepage_3__container__"" style=""border: 0pt none;""><iframe id=""google_ads_iframe_/45966600/pw/medium_rectangle_homepage_3"" name=""google_ads_iframe_/45966600/pw/medium_rectangle_homepage_3"" title=""3rd party ad content"" width=""300"" height=""250"" scrolling=""no"" marginwidth=""0"" marginheight=""0"" frameborder=""0"" aria-label=""ad"" tabindex=""0"" allow=""private-state-token-redemption;attribution-reporting"" data-load-complete=""true"" style=""border: 0px; vertical-align: bottom;"" data-google-container-id=""6""></iframe></div><div class=""pw_report_ad_container"" style=""line-height: normal; display: block; justify-content: center; height: 20px; text-align: center;""><span style=""color: #bbb;
                    font-size:10px !important;
                    font-family:&quot;Open Sans&quot;,arial,sans-serif !important;
                    font-weight: normal !important;
                    font-style: normal !important;
                    text-decoration: none !important;
                ;user-select:none;"">Advertisement&nbsp;|&nbsp;</span><a id=""report_ad_med_rect_btf3"" href=""#"" class=""playwire_report_ad_link"" style=""color: #4db2ec !important; 
                    font-size:10px !important;
                    font-family:&quot;Open Sans&quot;,arial,sans-serif !important;
                    font-weight: normal !important;
                    font-style: normal !important;
                    text-decoration: none !important;
                "" role=""button"">Report Ad</a></div></div></div></div>",example_crawl_name/scraped_ads/ad_34/ad_34.webp,,https://www.coolmathgames.com/,main,7,,,,,f,,,,
35,,2,2025-05-04 15:55:21.991-05,,"<div class=""ad-wrapper""><!-- 300 x 250 BTF Desktop --><div id=""med-rect-btf4""><div data-pw-desk=""med_rect_btf"" data-selector-id=""med-rect-btf4"" id=""med_rect_btf4"" class=""pw-tag pw-size-300x250"" style=""max-height: 270px; max-width: 300px;"" data-google-query-id=""CKiLj6fZio0DFefgGAId_9wrBQ""><div id=""google_ads_iframe_/45966600/pw/medium_rectangle_homepage_4__container__"" style=""border: 0pt none;""><iframe id=""google_ads_iframe_/45966600/pw/medium_rectangle_homepage_4"" name=""google_ads_iframe_/45966600/pw/medium_rectangle_homepage_4"" title=""3rd party ad content"" width=""300"" height=""250"" scrolling=""no"" marginwidth=""0"" marginheight=""0"" frameborder=""0"" aria-label=""ad"" tabindex=""0"" allow=""private-state-token-redemption;attribution-reporting"" data-load-complete=""true"" style=""border: 0px; vertical-align: bottom;"" data-google-container-id=""7""></iframe></div><div class=""pw_report_ad_container"" style=""line-height: normal; display: block; justify-content: center; height: 20px; text-align: center;""><span style=""color: #bbb;
                    font-size:10px !important;
                    font-family:&quot;Open Sans&quot;,arial,sans-serif !important;
                    font-weight: normal !important;
                    font-style: normal !important;
                    text-decoration: none !important;
                ;user-select:none;"">Advertisement&nbsp;|&nbsp;</span><a id=""report_ad_med_rect_btf4"" href=""#"" class=""playwire_report_ad_link"" style=""color: #4db2ec !important; 
                    font-size:10px !important;
                    font-family:&quot;Open Sans&quot;,arial,sans-serif !important;
                    font-weight: normal !important;
                    font-style: normal !important;
                    text-decoration: none !important;
                "" role=""button"">Report Ad</a></div></div></div></div>",example_crawl_name/scraped_ads/ad_35/ad_35.webp,,https://www.coolmathgames.com/,main,7,,,,,f,,,,
41,,2,2025-05-04 15:56:57.573-05,https://googleads.g.doubleclick.net/aclk?sa=l&ai=CSL5CYtQXaOuOGo3m18cP0IHQiAnXwaq1fpPbrbOIFNnM_d8FEAEgx5jNV2DJrqGI8KOkFKAB_4_GgT7IAQLgAgCoAwHIAwiqBKsCT9CfKv9gdsLBPD6Em2G3kGBKuQ0Tn3F3MSpOcq9ROCSleq4nQKV7xY0krgjZXGd3cuxd_J5UO7I3UryP7P4ZcihjfdwBoN2tut-ipwZaEH-H6TO_DeleIx-3NA72CwZzWzSSit1w-4Z6COACFISa_bVbmmKIbSNB9-9Q4jg3U8MGFFt0cCE-X9PtZUnDSmphyu-1_3nfg5qqm0yMKM8cN7zk0i5hKxrAf3qFkBVWi47cw97Uf7ST3YwtiTlCt_9Yv_TkUNrd5ZE4Ov7TlfRM1lZW_1u8URgn1DXNrIVzTzITuvYmysisA_C0Eu5trSoO86XGyRutwoXTbUFJmLc3KXeCOIU23FUbC5j-RsCRMo3SWslhWkuLPssEQuNedizb1o9o-IXVmVt26EjABOqP5dWXBeAEAYgFnazrrlOgBgKAB__HluEYqAfVyRuoB9m2sQKoB6a-G6gH89EbqAeW2BuoB6qbsQKoB-C9sQKoB47OG6gHk9gbqAfw4BuoB-6WsQKoB_6esQKoB6--sQKoB5oGqAf_nrECqAffn7ECqAfKqbECqAfrpbECqAfqsbECqAeZtbECqAe-t7ECqAf4wrECqAf7wrECqAfF0bEC2AcB0ggpCIBhEAEYnQEyAooCOg2AQIDAgICAgKiAAqABSL39wTpYiZnn49mKjQOxCbJwXwkrRr1ygAoDmAsByAsB2gwRCgsQ8NmZ08TGp5-KARICAQOqDQJVU8gNAeINEwi39Ofj2YqNAxUN8_UCHdAAFJHqDRMIjvLo49mKjQMVDfP1Ah3QABSR8A0B2BMD0BUBmBYB-BYBgBcBshcWGAEqEi81Njc4L254LndjaWEvaG9tZboXAjgBshgJEgLVVhgCIgEA0BgB6BgB&ae=1&ase=2&gclid=EAIaIQobChMI68fr49mKjQMVDfP1Ah3QABSREAEYASAAEgI8Y_D_BwE&num=1&cid=CAQSYQDZpuyzTc620BW1fqwIZ9m2NnyYLxoGD3sD2zVxAXDmS4BIkXRp7PSSSPlD8FBq17jMp21OkCfXXrQLCS9BQWYQXB18CJ4EExPjSH9Wbc788L-5Qrv-T6ufDqxRK4f5Js8YAQ&sig=AOD64_13a-YOnoS5AJ-Av7qWZS18QDe3Jw&client=ca-pub-2250662332449279&rf=5&nb=2&nis=6&nx=485&ny=60&uap=Mac%20OS%20X&uapv=10_15_7&uaa=x86&uam=&uafv=129.0.0.0&uab=64&uaw=false&uafvl=%5B%7B%22brand%22%3A%22Chromium%22%2C%22version%22%3A%22129.0.6668.58%22%7D%2C%7B%22brand%22%3A%22Not%3DA%3FBrand%22%2C%22version%22%3A%228.0.0.0%22%7D%5D&adurl=https://www.hebbia.com%3Futm_source%3Dgoogle%26utm_medium%3Dcpc%26utm_campaign%3D%26utm_content%3D747691239817%26utm_term%3D%26utm_adgroup%3D178152622058%26device%3Dc%26placement%3Dwww.wcia.com%26gad_source%3D5%26gclid%3DEAIaIQobChMI68fr49mKjQMVDfP1Ah3QABSREAEYASAAEgI8Y_D_BwE,"<aside class=""ad-unit ad-unit--leaderboard ad-unit--above-hero ad-unit--billboard ad-unit--is-rendered"">
				<div class=""ad-unit__content"">
					<div id=""innerdiv-billboard1"">     <div id=""acm-ad-tag-billboard1-billboard1"" data-slot=""{&quot;is_oop&quot;:false,&quot;is_companion&quot;:true,&quot;sizes&quot;:[[[1280,0],[[728,90],[970,250],[970,90],[970,30]]],[[1024,0],[[728,90],[970,250],[970,90],[970,30]]],[[768,0],[[320,50]]],[[641,0],[[320,50]]],[[0,0],[[320,50]]]],&quot;size&quot;:[320,50]}"" data-unit=""/5678/nx.wcia/home"" data-fbonly=""false"" data-refids="""" data-not-refids="""" data-targeting=""{&quot;kw&quot;:&quot;\/&quot;,&quot;pos&quot;:&quot;billboard1&quot;,&quot;fold&quot;:&quot;atf&quot;,&quot;category&quot;:&quot;&quot;}"" data-google-query-id=""COvH6-PZio0DFQ3z9QId0AAUkQ"" class=""htl-size-970x120""><div id=""google_ads_iframe_/5678/nx.wcia/home_0__container__"" style=""border: 0pt none; margin: auto; text-align: center;""><iframe id=""google_ads_iframe_/5678/nx.wcia/home_0"" name=""google_ads_iframe_/5678/nx.wcia/home_0"" title=""3rd party ad content"" width=""970"" height=""120"" scrolling=""no"" marginwidth=""0"" marginheight=""0"" frameborder=""0"" aria-label=""Advertisement"" tabindex=""0"" allow=""private-state-token-redemption;attribution-reporting"" data-load-complete=""true"" style=""border: 0px; vertical-align: bottom;"" data-google-container-id=""2""></iframe></div></div>     <script>     try {         var event = new CustomEvent(""nsDfpSlotRendered"", {             detail: { id: ""acm-ad-tag-billboard1-billboard1"" }         });         console.log(""HTL.nsDfpSlotRendered"", event);         window.dispatchEvent(event);     } catch (err) {}     </script>     </div>				</div>
			</aside>",example_crawl_name/scraped_ads/ad_41/ad_41.webp,,https://www.wcia.com/,main,9,,,,,f,,,,
43,,2,2025-05-04 15:57:08.202-05,https://googleads.g.doubleclick.net/pcs/click?xai=AKAOjsstnGFGRpCUJ2M3PdPe0Z9rj4AFxu7V8e6cH6_yIbA3VmTLibVYH0vxQDBxAtVYTTZLKimvW3O9QRg0Y8KaIWElwAXN8k-tR-dHk2U3iDBwuBA6HgI6DtvknrkJsRyykWPVWKHS3ZoaFwH-6GcEHTzaR7GwMI6s2__czChkHDyddmAGyIzDKat0j1EfGSG2aeWAOO1FWBfxzvnTsiC63Uk1xGrK8PLQFFAZ3QkP626vNXx2yegjOrBRzzMD91dM-GXrKzOVUG08Wy8FhgX-y6VGKkbRZTjxJriVUtBzGgZ2xv3rDv_stkMLZWyNZL81ZM68V5ht7dvaNQFIZi0xV7UI-mTOvx3Vl6EU4O8Qi1pC7tpnUP6VngDRx8GhYQyqjLblwrXiGQ&sai=AMfl-YQ5mBkj3apzw6UdXLwi-Aa9MkTWs2thfOwU30IBFtCQ3LM98qmzlDEMoro2lSN-Pb0R0MxjLxQQpmRzcbs5DbB8yJHk_qnnudekXOWOCTn-KXUMPvToCkQWGaaJGBj46HglbNM3YnGrXnQ-UfQD-T5nDTybajDJXpjeLZ4H0wkS0A&sig=Cg0ArKJSzFXxzeo5w97P&fbs_aeid=%5Bgw_fbsaeid%5D&adurl=https://www.wciagolf.com/deals-detail/14-2025-golf-extravaganza/c3221cf2f03f8d8e789aec6a99468c5a&nm=2&nx=364&ny=-31&mb=1&clkt=19,"<aside class=""ad-unit ad-unit--leaderboard ad-unit--is-rendered"">
	<div class=""ad-unit__content"">
		     <div id=""acm-ad-tag-leaderboard1-leaderboard1"" data-slot=""{&quot;is_oop&quot;:false,&quot;is_companion&quot;:true,&quot;sizes&quot;:[[[1280,0],[[728,90]]],[[1024,0],[[728,90]]],[[768,0],[[728,90]]],[[641,0],[[320,50]]],[[0,0],[[320,50]]]],&quot;size&quot;:[320,50]}"" data-unit=""/5678/nx.wcia/home"" data-fbonly=""false"" data-refids="""" data-not-refids="""" data-targeting=""{&quot;kw&quot;:&quot;\/&quot;,&quot;pos&quot;:&quot;leaderboard1&quot;,&quot;fold&quot;:&quot;mid&quot;,&quot;category&quot;:&quot;&quot;}"" data-google-query-id=""CLj05-PZio0DFQ3z9QId0AAUkQ"" width=""728"" height=""90"" class=""htl-size-728x90""><div id=""google_ads_iframe_/5678/nx.wcia/home_2__container__"" style=""border: 0pt none; margin: auto; text-align: center;""><iframe id=""google_ads_iframe_/5678/nx.wcia/home_2"" name=""google_ads_iframe_/5678/nx.wcia/home_2"" title=""3rd party ad content"" width=""728"" height=""90"" scrolling=""no"" marginwidth=""0"" marginheight=""0"" frameborder=""0"" aria-label=""Advertisement"" tabindex=""0"" allow=""private-state-token-redemption;attribution-reporting"" data-load-complete=""true"" data-google-container-id=""3"" style=""border: 0px; vertical-align: bottom;""></iframe></div></div>     <script>     try {         var event = new CustomEvent(""nsDfpSlotRendered"", {             detail: { id: ""acm-ad-tag-leaderboard1-leaderboard1"" }         });         console.log(""HTL.nsDfpSlotRendered"", event);         window.dispatchEvent(event);     } catch (err) {}     </script>     	</div>
</aside>",example_crawl_name/scraped_ads/ad_43/ad_43.webp,,https://www.wcia.com/,main,9,,,,,f,,,,
44,,2,2025-05-04 15:57:13.761-05,https://googleads.g.doubleclick.net/pcs/click?xai=AKAOjsvVR079nc__pVeCbEqPkZnHi9ayXDPZvfNDO9-9kkaqlJzcVkVhzTBfCNkwZIA_TKjMiIBzdpusIOU8gwHRG3zbxc4Zj7fWxyuRvhy4if4Kjm3V64fR7spNbEHm03bdGURTjj0QChsXyAH1MsZgrY7xkSEE1UBi58fNysH08mINlLYCEzhfLVKdBacHTcPpRcYIRusXyN8sipWvSFDSjDcLj4zLbMcYBFjAUW9jhco4CVUW9_FWGbnJBhqrlffpns5ms22yHXDfnbB4yf9Au5jyzsO80Ueh2BGQ1T6KNuNqWVRLDDr8xidk-6AaADYYRpFcC9QKtL5fby5yO3FWRqM6kmaW0n2jnsgWl8HPOFLvtXTEaqJEM6Jh54nGfMFIGKKVClf3hw&sai=AMfl-YTKEn0yefoUp0GK0qScNsgasX7AQGtLv_mE1HzzNVAvrlWUU6q-hQBm1U3L4QTsJU5z0K6Jum7on9Ju-H4NRx7sjBsFaM98wqDgo6TFFPv818_9Sa39Aql0LxOAVh72h-FwR0vTw_i1ZUSguOgzuieLuZOyR9Bh4tWs_12cR7GukA&sig=Cg0ArKJSzN8QeXc9MZrU&fbs_aeid=%5Bgw_fbsaeid%5D&adurl=https://www.wciagolf.com/deals-detail/14-2025-golf-extravaganza/c3221cf2f03f8d8e789aec6a99468c5a&nm=2&nx=150&ny=-111&mb=1&clkt=16,"<aside class=""ad-unit ad-unit--square ad-unit--is-rendered"">
			<div class=""ad-unit__content"">
				     <div id=""acm-ad-tag-mr_combo1-mr_combo1"" data-slot=""{&quot;is_oop&quot;:false,&quot;is_companion&quot;:true,&quot;sizes&quot;:[[[1280,0],[[300,600],[300,250]]],[[1024,0],[[300,600],[300,250]]],[[768,0],[[300,250]]],[[641,0],[[300,250]]],[[0,0],[[300,250]]]],&quot;size&quot;:[300,250]}"" data-unit=""/5678/nx.wcia/home"" data-fbonly=""false"" data-refids="""" data-not-refids="""" data-targeting=""{&quot;kw&quot;:&quot;\/&quot;,&quot;pos&quot;:&quot;mr_combo1&quot;,&quot;fold&quot;:&quot;atf&quot;,&quot;category&quot;:&quot;&quot;}"" data-google-query-id=""CLn05-PZio0DFQ3z9QId0AAUkQ"" width=""300"" height=""250"" class=""htl-size-300x250""><div id=""google_ads_iframe_/5678/nx.wcia/home_3__container__"" style=""border: 0pt none; margin: auto; text-align: center;""><iframe id=""google_ads_iframe_/5678/nx.wcia/home_3"" name=""google_ads_iframe_/5678/nx.wcia/home_3"" title=""3rd party ad content"" width=""300"" height=""250"" scrolling=""no"" marginwidth=""0"" marginheight=""0"" frameborder=""0"" aria-label=""Advertisement"" tabindex=""0"" allow=""private-state-token-redemption;attribution-reporting"" data-load-complete=""true"" data-google-container-id=""4"" style=""border: 0px; vertical-align: bottom;""></iframe></div></div>     <script>     try {         var event = new CustomEvent(""nsDfpSlotRendered"", {             detail: { id: ""acm-ad-tag-mr_combo1-mr_combo1"" }         });         console.log(""HTL.nsDfpSlotRendered"", event);         window.dispatchEvent(event);     } catch (err) {}     </script>     			</div>
		</aside>",example_crawl_name/scraped_ads/ad_44/ad_44.webp,,https://www.wcia.com/,main,9,,,,,f,,,,
45,,2,2025-05-04 15:57:19.285-05,https://ad.doubleclick.net/pcs/click?xai=AKAOjsv0_Lm6Sb6Ej5OqvDGUly--ngdazFDwwsgK4zYAISNz-a4RZHJ5lY1uL8DLTapq_ROcn2fELtLIGzrHX_HqbQOVRMIsl5smVkAe3OgBExsdhql3AGJCUfASM5cO7XWZpLvK_k_lIbK5o6VAESVe-n_HIwq9iLiZg4UDOc7xDi7dHRketfdMAdpNfWI&sai=AMfl-YR3xyrNJFCkbgG58EYIWOOyMTKTa_fudrXd3hHHYtKHNgXwhGpIY6pLOha1cQ89nm-YJB8RNwWmpWUR&sig=Cg0ArKJSzLLA7WKla-HCEAE&cry=1&fbs_aeid=%5Bgw_fbsaeid%5D&crd=aHR0cHM6Ly9wZW5kcnkuY29t&urlfix=1&rm_eid=%5Brm_exit_id%5D&nx=150&ny=125&dim=300x250&adurl=https://a.rfihub.com/acs/b/c3Q9aHRtbCZhYT01NjM2NTI5LDEyMzc3NzEzOSwyNzkzMDc1LDU1Mzc2MTY5MywxOTY2NjksMTcyNzI0MSxmZjJkNzU3ZjEzOGU5M2Y1YTI0M2YzNGFjNDM1NTk2MixwLDM5OTYxLDU5NzQ3MSwxNDU1MzAwMzksNjAzNTEzLDE1MjIyMTcmbXQ9MSZyYj0xOTk2NyZyZT00NjMzNSZoY2k9JnV1aWQ9ODM1OTI2NTEzNzM0MzUzNzgmdXN0PTkmdXM9WFkyMTE3VlN1TWtlcDRVSHlPNjc1WVpUV0lad0ZaVm1hd2tMVGN5cUZFSWFObFFjcyZkaT0mZGM9MyZkaXNyYz0wJmJpcD05Ni42My4yMzAuODImZGlkPXRpZF8xNzI3MjQxfG1lZF9yZWd1bGFyJmJjbWk9MTAzMDIz/n/https%3A%2F%2Fwww.pendry.com%2Fmanhattan-west%2Foffers%2F%3Futm_source%3Dnetmining%26utm_medium%3Dbanner%26utm_campaign%3Dstaymoredomore-weekendgetaway%26utm_content%3Dimagebanner%26dclid%3D%25edclid!%26gad_source%3D7%23stay-more-do-more,"<aside class=""ad-unit ad-unit--square ad-unit--is-rendered"">
				<div class=""ad-unit__content"">
					     <div id=""acm-ad-tag-mr1-mr1"" data-slot=""{&quot;is_oop&quot;:false,&quot;is_companion&quot;:true,&quot;sizes&quot;:[[[1280,0],[[300,250]]],[[1024,0],[[300,250]]],[[768,0],[[300,250]]],[[641,0],[[300,250]]],[[0,0],[[300,250]]]],&quot;size&quot;:[300,250]}"" data-unit=""/5678/nx.wcia/home"" data-fbonly=""false"" data-refids="""" data-not-refids="""" data-targeting=""{&quot;kw&quot;:&quot;\/&quot;,&quot;pos&quot;:&quot;mr1&quot;,&quot;fold&quot;:&quot;mid&quot;,&quot;category&quot;:&quot;&quot;}"" data-google-query-id=""CLr05-PZio0DFQ3z9QId0AAUkQ"" width=""300"" height=""250"" class=""htl-size-300x250""><div id=""google_ads_iframe_/5678/nx.wcia/home_4__container__"" style=""border: 0pt none; margin: auto; text-align: center; width: 300px; height: 250px;""><iframe frameborder=""0"" src=""https://a03fa53fd7d9b2f37b127d9d73cc0889.safeframe.googlesyndication.com/safeframe/1-0-43/html/container.html"" id=""google_ads_iframe_/5678/nx.wcia/home_4"" title=""3rd party ad content"" name="""" scrolling=""no"" marginwidth=""0"" marginheight=""0"" width=""300"" height=""250"" data-is-safeframe=""true"" sandbox=""allow-forms allow-popups allow-popups-to-escape-sandbox allow-same-origin allow-scripts allow-top-navigation-by-user-activation"" allow=""private-state-token-redemption;attribution-reporting"" aria-label=""Advertisement"" tabindex=""0"" data-google-container-id=""5"" style=""border: 0px; vertical-align: bottom; width: 300px; height: 250px;"" data-load-complete=""true""></iframe></div></div>     <script>     try {         var event = new CustomEvent(""nsDfpSlotRendered"", {             detail: { id: ""acm-ad-tag-mr1-mr1"" }         });         console.log(""HTL.nsDfpSlotRendered"", event);         window.dispatchEvent(event);     } catch (err) {}     </script>     				</div>
			</aside>",example_crawl_name/scraped_ads/ad_45/ad_45.webp,,https://www.wcia.com/,main,9,,,,,f,,,,
